{"name":"TOTP Online","short_name":"TOTP Online","theme_color":"#0070CD","background_color":"#00a2ff","display":"standalone","orientation":"portrait","scope":"./","start_url":"/?source=pwa","icons":[{"src":"assets/icons/windows10/SmallTile.scale-100.png","sizes":"71x71","type":"image/png"},{"src":"assets/icons/windows10/SmallTile.scale-125.png","sizes":"89x89","type":"image/png"},{"src":"assets/icons/windows10/SmallTile.scale-150.png","sizes":"107x107","type":"image/png"},{"src":"assets/icons/windows10/SmallTile.scale-200.png","sizes":"142x142","type":"image/png"},{"src":"assets/icons/windows10/SmallTile.scale-400.png","sizes":"284x284","type":"image/png"},{"src":"assets/icons/windows10/Square150x150Logo.scale-100.png","sizes":"150x150","type":"image/png"},{"src":"assets/icons/windows10/Square150x150Logo.scale-125.png","sizes":"188x188","type":"image/png"},{"src":"assets/icons/windows10/Square150x150Logo.scale-150.png","sizes":"225x225","type":"image/png"},{"src":"assets/icons/windows10/Square150x150Logo.scale-200.png","sizes":"300x300","type":"image/png"},{"src":"assets/icons/windows10/Square150x150Logo.scale-400.png","sizes":"600x600","type":"image/png"},{"src":"assets/icons/windows10/Wide310x150Logo.scale-100.png","sizes":"310x150","type":"image/png"},{"src":"assets/icons/windows10/Wide310x150Logo.scale-125.png","sizes":"388x188","type":"image/png"},{"src":"assets/icons/windows10/Wide310x150Logo.scale-150.png","sizes":"465x225","type":"image/png"},{"src":"assets/icons/windows10/Wide310x150Logo.scale-200.png","sizes":"620x300","type":"image/png"},{"src":"assets/icons/windows10/Wide310x150Logo.scale-400.png","sizes":"1240x600","type":"image/png"},{"src":"assets/icons/windows10/LargeTile.scale-100.png","sizes":"310x310","type":"image/png"},{"src":"assets/icons/windows10/LargeTile.scale-125.png","sizes":"388x388","type":"image/png"},{"src":"assets/icons/windows10/LargeTile.scale-150.png","sizes":"465x465","type":"image/png"},{"src":"assets/icons/windows10/LargeTile.scale-200.png","sizes":"620x620","type":"image/png"},{"src":"assets/icons/windows10/LargeTile.scale-400.png","sizes":"1240x1240","type":"image/png"},{"src":"assets/icons/windows10/Square44x44Logo.scale-100.png","sizes":"44x44","type":"image/png"},{"src":"assets/icons/windows10/Square44x44Logo.scale-125.png","sizes":"55x55","type":"image/png"},{"src":"assets/icons/windows10/Square44x44Logo.scale-150.png","sizes":"66x66","type":"image/png"},{"src":"assets/icons/windows10/Square44x44Logo.scale-200.png","sizes":"88x88","type":"image/png"},{"src":"assets/icons/windows10/Square44x44Logo.scale-400.png","sizes":"176x176","type":"image/png"},{"src":"assets/icons/windows10/StoreLogo.scale-100.png","sizes":"50x50","type":"image/png"},{"src":"assets/icons/windows10/StoreLogo.scale-125.png","sizes":"63x63","type":"image/png"},{"src":"assets/icons/windows10/StoreLogo.scale-150.png","sizes":"75x75","type":"image/png"},{"src":"assets/icons/windows10/StoreLogo.scale-200.png","sizes":"100x100","type":"image/png"},{"src":"assets/icons/windows10/StoreLogo.scale-400.png","sizes":"200x200","type":"image/png"},{"src":"assets/icons/windows10/SplashScreen.scale-100.png","sizes":"620x300","type":"image/png"},{"src":"assets/icons/windows10/SplashScreen.scale-125.png","sizes":"775x375","type":"image/png"},{"src":"assets/icons/windows10/SplashScreen.scale-150.png","sizes":"930x450","type":"image/png"},{"src":"assets/icons/windows10/SplashScreen.scale-200.png","sizes":"1240x600","type":"image/png"},{"src":"assets/icons/windows10/SplashScreen.scale-400.png","sizes":"2480x1200","type":"image/png"},{"src":"assets/icons/windows10/Square44x44Logo.targetsize-16.png","sizes":"16x16","type":"image/png"},{"src":"assets/icons/windows10/Square44x44Logo.targetsize-20.png","sizes":"20x20","type":"image/png"},{"src":"assets/icons/windows10/Square44x44Logo.targetsize-24.png","sizes":"24x24","type":"image/png"},{"src":"assets/icons/windows10/Square44x44Logo.targetsize-30.png","sizes":"30x30","type":"image/png"},{"src":"assets/icons/windows10/Square44x44Logo.targetsize-32.png","sizes":"32x32","type":"image/png"},{"src":"assets/icons/windows10/Square44x44Logo.targetsize-36.png","sizes":"36x36","type":"image/png"},{"src":"assets/icons/windows10/Square44x44Logo.targetsize-40.png","sizes":"40x40","type":"image/png"},{"src":"assets/icons/windows10/Square44x44Logo.targetsize-44.png","sizes":"44x44","type":"image/png"},{"src":"assets/icons/windows10/Square44x44Logo.targetsize-48.png","sizes":"48x48","type":"image/png"},{"src":"assets/icons/windows10/Square44x44Logo.targetsize-60.png","sizes":"60x60","type":"image/png"},{"src":"assets/icons/windows10/Square44x44Logo.targetsize-64.png","sizes":"64x64","type":"image/png"},{"src":"assets/icons/windows10/Square44x44Logo.targetsize-72.png","sizes":"72x72","type":"image/png"},{"src":"assets/icons/windows10/Square44x44Logo.targetsize-80.png","sizes":"80x80","type":"image/png"},{"src":"assets/icons/windows10/Square44x44Logo.targetsize-96.png","sizes":"96x96","type":"image/png"},{"src":"assets/icons/windows10/Square44x44Logo.targetsize-256.png","sizes":"256x256","type":"image/png"},{"src":"assets/icons/windows10/Square44x44Logo.altform-unplated_targetsize-16.png","sizes":"16x16","type":"image/png"},{"src":"assets/icons/windows10/Square44x44Logo.altform-unplated_targetsize-20.png","sizes":"20x20","type":"image/png"},{"src":"assets/icons/windows10/Square44x44Logo.altform-unplated_targetsize-24.png","sizes":"24x24","type":"image/png"},{"src":"assets/icons/windows10/Square44x44Logo.altform-unplated_targetsize-30.png","sizes":"30x30","type":"image/png"},{"src":"assets/icons/windows10/Square44x44Logo.altform-unplated_targetsize-32.png","sizes":"32x32","type":"image/png"},{"src":"assets/icons/windows10/Square44x44Logo.altform-unplated_targetsize-36.png","sizes":"36x36","type":"image/png"},{"src":"assets/icons/windows10/Square44x44Logo.altform-unplated_targetsize-40.png","sizes":"40x40","type":"image/png"},{"src":"assets/icons/windows10/Square44x44Logo.altform-unplated_targetsize-44.png","sizes":"44x44","type":"image/png"},{"src":"assets/icons/windows10/Square44x44Logo.altform-unplated_targetsize-48.png","sizes":"48x48","type":"image/png"},{"src":"assets/icons/windows10/Square44x44Logo.altform-unplated_targetsize-60.png","sizes":"60x60","type":"image/png"},{"src":"assets/icons/windows10/Square44x44Logo.altform-unplated_targetsize-64.png","sizes":"64x64","type":"image/png"},{"src":"assets/icons/windows10/Square44x44Logo.altform-unplated_targetsize-72.png","sizes":"72x72","type":"image/png"},{"src":"assets/icons/windows10/Square44x44Logo.altform-unplated_targetsize-80.png","sizes":"80x80","type":"image/png"},{"src":"assets/icons/windows10/Square44x44Logo.altform-unplated_targetsize-96.png","sizes":"96x96","type":"image/png"},{"src":"assets/icons/windows10/Square44x44Logo.altform-unplated_targetsize-256.png","sizes":"256x256","type":"image/png"},{"src":"assets/icons/windows10/Square44x44Logo.altform-lightunplated_targetsize-16.png","sizes":"16x16","type":"image/png"},{"src":"assets/icons/windows10/Square44x44Logo.altform-lightunplated_targetsize-20.png","sizes":"20x20","type":"image/png"},{"src":"assets/icons/windows10/Square44x44Logo.altform-lightunplated_targetsize-24.png","sizes":"24x24","type":"image/png"},{"src":"assets/icons/windows10/Square44x44Logo.altform-lightunplated_targetsize-30.png","sizes":"30x30","type":"image/png"},{"src":"assets/icons/windows10/Square44x44Logo.altform-lightunplated_targetsize-32.png","sizes":"32x32","type":"image/png"},{"src":"assets/icons/windows10/Square44x44Logo.altform-lightunplated_targetsize-36.png","sizes":"36x36","type":"image/png"},{"src":"assets/icons/windows10/Square44x44Logo.altform-lightunplated_targetsize-40.png","sizes":"40x40","type":"image/png"},{"src":"assets/icons/windows10/Square44x44Logo.altform-lightunplated_targetsize-44.png","sizes":"44x44","type":"image/png"},{"src":"assets/icons/windows10/Square44x44Logo.altform-lightunplated_targetsize-48.png","sizes":"48x48","type":"image/png"},{"src":"assets/icons/windows10/Square44x44Logo.altform-lightunplated_targetsize-60.png","sizes":"60x60","type":"image/png"},{"src":"assets/icons/windows10/Square44x44Logo.altform-lightunplated_targetsize-64.png","sizes":"64x64","type":"image/png"},{"src":"assets/icons/windows10/Square44x44Logo.altform-lightunplated_targetsize-72.png","sizes":"72x72","type":"image/png"},{"src":"assets/icons/windows10/Square44x44Logo.altform-lightunplated_targetsize-80.png","sizes":"80x80","type":"image/png"},{"src":"assets/icons/windows10/Square44x44Logo.altform-lightunplated_targetsize-96.png","sizes":"96x96","type":"image/png"},{"src":"assets/icons/windows10/Square44x44Logo.altform-lightunplated_targetsize-256.png","sizes":"256x256","type":"image/png"},{"src":"assets/icons/msteams/msteams-192-192.png","sizes":"192x192","type":"image/png"},{"src":"assets/icons/msteams/msteams-silhouette-32-32.png","sizes":"32x32","type":"image/png"},{"src":"assets/icons/android/android-launchericon-512-512.png","sizes":"512x512","type":"image/png"},{"src":"assets/icons/android/android-launchericon-192-192.png","sizes":"192x192","type":"image/png"},{"src":"assets/icons/android/android-launchericon-144-144.png","sizes":"144x144","type":"image/png"},{"src":"assets/icons/android/android-launchericon-96-96.png","sizes":"96x96","type":"image/png"},{"src":"assets/icons/android/android-launchericon-72-72.png","sizes":"72x72","type":"image/png"},{"src":"assets/icons/android/android-launchericon-48-48.png","sizes":"48x48","type":"image/png"},{"src":"assets/icons/chrome/chrome-extensionmanagementpage-48-48.png","sizes":"48x48","type":"image/png"},{"src":"assets/icons/chrome/chrome-favicon-16-16.png","sizes":"16x16","type":"image/png"},{"src":"assets/icons/chrome/chrome-installprocess-128-128.png","sizes":"128x128","type":"image/png"},{"src":"assets/icons/firefox/firefox-marketplace-512-512.png","sizes":"512x512","type":"image/png"},{"src":"assets/icons/firefox/firefox-marketplace-128-128.png","sizes":"128x128","type":"image/png"},{"src":"assets/icons/firefox/firefox-general-256-256.png","sizes":"256x256","type":"image/png"},{"src":"assets/icons/firefox/firefox-general-128-128.png","sizes":"128x128","type":"image/png"},{"src":"assets/icons/firefox/firefox-general-90-90.png","sizes":"90x90","type":"image/png"},{"src":"assets/icons/firefox/firefox-general-64-64.png","sizes":"64x64","type":"image/png"},{"src":"assets/icons/firefox/firefox-general-48-48.png","sizes":"48x48","type":"image/png"},{"src":"assets/icons/firefox/firefox-general-32-32.png","sizes":"32x32","type":"image/png"},{"src":"assets/icons/firefox/firefox-general-16-16.png","sizes":"16x16","type":"image/png"}]}